_id,Subject,Due Date,Type,Owner,Priority,Account,Partner,Primary Contact,Opportunity,Lead,Status,Description
6658338fe67ac5e1d9d1209d,Message join law whether.,2024-06-23,Call,Harold Doyle,Low,"Johnson, Diaz and Cochran",White-Tanner,Phillip Anderson,drive granular convergence,Daniel Simon,In Progress,Activity all song trip laugh thank. Base girl fact. Industry listen meet.
6658338fe67ac5e1d9d1209e,End pull particular husband writer establish.,2024-06-09,Meeting,Shelia Gamble,High,French-May,Mueller-King,Jason Moore,unleash e-business functionalities,Tracy Thomas,In Progress,Good reveal street me instead police. Along table door top newspaper. Cup leave whatever approach member likely cup.
6658338fe67ac5e1d9d1209f,Media serve herself card.,2024-06-02,Follow-Up,Jacob Glover,Medium,Flores-Hensley,Hardy-Hanson,Gina Joseph,matrix efficient e-business,Mary Flowers,In Progress,Here process detail popular let positive. Into less street local agency director. Hold bed report listen level per.
6658338fe67ac5e1d9d120a0,Continue itself put.,2024-05-31,Meeting,John Lopez,High,"Evans, Dillon and Dunn",Farmer PLC,John Santos,empower out-of-the-box niches,Andrea Thomas,Open,Theory onto piece quite world word challenge any nature. Trouble Mr include charge face. Left lot soon population cover front letter person.
6658338fe67ac5e1d9d120a1,Two capital political attorney per because.,2024-06-27,Meeting,Jessica Jones,High,Lopez Ltd,Poole Group,Eric Lee,facilitate bricks-and-clicks niches,Robin Campos,Completed,Cause party civil conference. Material television happy tree real. Within center image accept fight citizen for service.
6658338fe67ac5e1d9d120a2,Character south ball sister reason.,2024-06-09,Email,Gregory Harrison,Low,Evans and Sons,"Tran, Reyes and Jones",Joseph Joyce,re-contextualize 24/365 synergies,Nicole Smith,Completed,Economy or standard century. Number staff agree. Blood military decision per service explain sure. Budget skin require management green case early main.
6658338fe67ac5e1d9d120a3,Management bank statement themselves guess east father future.,2024-06-02,Meeting,Nancy Cross,Medium,"West, Brown and Doyle",Williams-Davis,Michael Singleton,matrix bleeding-edge users,Audrey Walker,Completed,Money too size true name bring reflect agency.
6658338fe67ac5e1d9d120a4,Throw according water remember.,2024-06-15,Meeting,Daniel Campbell,Low,"Wise, Jones and Delgado",Donaldson-Bradshaw,Mr. Colton Jackson,empower efficient networks,Angela Hardy,In Progress,Say include music air imagine spend American.
6658338fe67ac5e1d9d120a5,Agency yes maintain everybody.,2024-06-22,Review,Patricia Williams,Low,"Thompson, Thomas and Adkins",Ortiz-Cain,Mallory Tran,whiteboard vertical action-items,Amanda Turner,In Progress,Away behind story former pay officer. Research drop garden but sound. Cultural service particularly individual. Official federal final fight present whose within exist show.
6658338fe67ac5e1d9d120a6,Local despite money development policy.,2024-06-20,Meeting,James Ryan,Medium,Robinson-Lee,Robinson-Brown,Glenn Miller,aggregate next-generation ROI,Brooke Ward,Open,Remain with successful party determine affect personal friend. End role reality.
