_id,MeetingName,Role,MeetingDate,DataSubmissionStatus,RatingsSubmissionDeadline,BusinessLeader,MeetingStatus
665842160ce07d2517303881,Kumar Organization 2024 Talent Review Meeting,Reviewer,31/12/24,Not started,10/12/24,Ajay Kumar,In progress
665842160ce07d2517303882,Kumar Organization 2023 Talent Review Meeting,Reviewer,12/2/17,Not started,1/2/17,Ajay Kumar,Complete
665842160ce07d2517303883,Kumar Organization 2025 Talent Review Meeting,Reviewer,1/5/25,In progress,25/4/25,Ajay Kumar,In progress
665842160ce07d2517303884,Kumar Organization 2026 Talent Review Meeting,Reviewer,15/3/26,Not started,5/3/26,Ajay Kumar,Not started
665842160ce07d2517303885,Kumar Organization 2022 Talent Review Meeting,Reviewer,11/2/22,Complete,1/2/22,Ajay Kumar,Complete
665842160ce07d2517303886,Kumar Organization 2027 Talent Review Meeting,Reviewer,20/7/27,Not started,10/7/27,Ajay Kumar,Not started
665842160ce07d2517303887,Kumar Organization 2028 Talent Review Meeting,Reviewer,25/8/28,In progress,15/8/28,Ajay Kumar,In progress
665842160ce07d2517303888,Kumar Organization 2029 Talent Review Meeting,Reviewer,30/9/29,Complete,20/9/29,Ajay Kumar,Complete
665842160ce07d2517303889,Kumar Organization 2030 Talent Review Meeting,Reviewer,5/10/30,Not started,25/9/30,Ajay Kumar,Not started
665842160ce07d251730388a,Kumar Organization 2031 Talent Review Meeting,Reviewer,10/11/31,In progress,1/11/31,Ajay Kumar,In progress
