_id,candidate_id,LastName,Title,FirstName,MiddleName,Email,Source,PhoneNumber,DisplayDataToCandidate
66585c0551ca29d97c348083,1,Doe,Mr.,John,A,john.doe@example.com,LinkedIn,123-456-7890,Yes
66585c0551ca29d97c348084,2,Smith,Ms.,Jane,B,jane.smith@example.com,Indeed,987-654-3210,No
66585c0551ca29d97c348085,3,Brown,Mr.,James,C,james.brown@example.com,Email,555-123-4567,Yes
66585c0551ca29d97c348086,4,Johnson,Mrs.,Emily,D,emily.johnson@example.com,Phone,666-789-0123,No
66585c0551ca29d97c348087,5,Davis,Dr.,Robert,E,robert.davis@example.com,Resume Handed in Person,777-345-6789,Yes
66585c0551ca29d97c348088,6,Miller,Mr.,William,F,william.miller@example.com,Stepstone,888-456-7890,No
66585c0551ca29d97c348089,7,Wilson,Ms.,Linda,G,linda.wilson@example.com,Indeed,999-123-4567,Yes
66585c0551ca29d97c34808a,8,Moore,Mr.,David,H,david.moore@example.com,LinkedIn,101-234-5678,No
66585c0551ca29d97c34808b,9,Taylor,Mrs.,Susan,I,susan.taylor@example.com,Facebook,202-345-6789,Yes
66585c0551ca29d97c34808c,10,Anderson,Mr.,Thomas,J,thomas.anderson@example.com,Email,303-456-7890,No
66585c0668f8568e8ddeaaad,1,Doe,Mr.,John,A,john.doe@example.com,LinkedIn,123-456-7890,Yes
66585c0668f8568e8ddeaaae,2,Smith,Ms.,Jane,B,jane.smith@example.com,Indeed,987-654-3210,No
66585c0668f8568e8ddeaaaf,3,Brown,Mr.,James,C,james.brown@example.com,Email,555-123-4567,Yes
66585c0668f8568e8ddeaab0,4,Johnson,Mrs.,Emily,D,emily.johnson@example.com,Phone,666-789-0123,No
66585c0668f8568e8ddeaab1,5,Davis,Dr.,Robert,E,robert.davis@example.com,Resume Handed in Person,777-345-6789,Yes
66585c0668f8568e8ddeaab2,6,Miller,Mr.,William,F,william.miller@example.com,Stepstone,888-456-7890,No
66585c0668f8568e8ddeaab3,7,Wilson,Ms.,Linda,G,linda.wilson@example.com,Indeed,999-123-4567,Yes
66585c0668f8568e8ddeaab4,8,Moore,Mr.,David,H,david.moore@example.com,LinkedIn,101-234-5678,No
66585c0668f8568e8ddeaab5,9,Taylor,Mrs.,Susan,I,susan.taylor@example.com,Facebook,202-345-6789,Yes
66585c0668f8568e8ddeaab6,10,Anderson,Mr.,Thomas,J,thomas.anderson@example.com,Email,303-456-7890,No
66585c078464cae3e6a67c1e,1,Doe,Mr.,John,A,john.doe@example.com,LinkedIn,123-456-7890,Yes
66585c078464cae3e6a67c1f,2,Smith,Ms.,Jane,B,jane.smith@example.com,Indeed,987-654-3210,No
66585c078464cae3e6a67c20,3,Brown,Mr.,James,C,james.brown@example.com,Email,555-123-4567,Yes
66585c078464cae3e6a67c21,4,Johnson,Mrs.,Emily,D,emily.johnson@example.com,Phone,666-789-0123,No
66585c078464cae3e6a67c22,5,Davis,Dr.,Robert,E,robert.davis@example.com,Resume Handed in Person,777-345-6789,Yes
66585c078464cae3e6a67c23,6,Miller,Mr.,William,F,william.miller@example.com,Stepstone,888-456-7890,No
66585c078464cae3e6a67c24,7,Wilson,Ms.,Linda,G,linda.wilson@example.com,Indeed,999-123-4567,Yes
66585c078464cae3e6a67c25,8,Moore,Mr.,David,H,david.moore@example.com,LinkedIn,101-234-5678,No
66585c078464cae3e6a67c26,9,Taylor,Mrs.,Susan,I,susan.taylor@example.com,Facebook,202-345-6789,Yes
66585c078464cae3e6a67c27,10,Anderson,Mr.,Thomas,J,thomas.anderson@example.com,Email,303-456-7890,No
66585c10844062519ea0911e,1,Doe,Mr.,John,A,john.doe@example.com,LinkedIn,123-456-7890,Yes
66585c10844062519ea0911f,2,Smith,Ms.,Jane,B,jane.smith@example.com,Indeed,987-654-3210,No
66585c10844062519ea09120,3,Brown,Mr.,James,C,james.brown@example.com,Email,555-123-4567,Yes
66585c10844062519ea09121,4,Johnson,Mrs.,Emily,D,emily.johnson@example.com,Phone,666-789-0123,No
66585c10844062519ea09122,5,Davis,Dr.,Robert,E,robert.davis@example.com,Resume Handed in Person,777-345-6789,Yes
66585c10844062519ea09123,6,Miller,Mr.,William,F,william.miller@example.com,Stepstone,888-456-7890,No
66585c10844062519ea09124,7,Wilson,Ms.,Linda,G,linda.wilson@example.com,Indeed,999-123-4567,Yes
66585c10844062519ea09125,8,Moore,Mr.,David,H,david.moore@example.com,LinkedIn,101-234-5678,No
66585c10844062519ea09126,9,Taylor,Mrs.,Susan,I,susan.taylor@example.com,Facebook,202-345-6789,Yes
66585c10844062519ea09127,10,Anderson,Mr.,Thomas,J,thomas.anderson@example.com,Email,303-456-7890,No
66585c29a8e6469122aa6703,1,Doe,Mr.,John,A,john.doe@example.com,LinkedIn,123-456-7890,Yes
66585c29a8e6469122aa6704,2,Smith,Ms.,Jane,B,jane.smith@example.com,Indeed,987-654-3210,No
66585c29a8e6469122aa6705,3,Brown,Mr.,James,C,james.brown@example.com,Email,555-123-4567,Yes
66585c29a8e6469122aa6706,4,Johnson,Mrs.,Emily,D,emily.johnson@example.com,Phone,666-789-0123,No
66585c29a8e6469122aa6707,5,Davis,Dr.,Robert,E,robert.davis@example.com,Resume Handed in Person,777-345-6789,Yes
66585c29a8e6469122aa6708,6,Miller,Mr.,William,F,william.miller@example.com,Stepstone,888-456-7890,No
66585c29a8e6469122aa6709,7,Wilson,Ms.,Linda,G,linda.wilson@example.com,Indeed,999-123-4567,Yes
66585c29a8e6469122aa670a,8,Moore,Mr.,David,H,david.moore@example.com,LinkedIn,101-234-5678,No
66585c29a8e6469122aa670b,9,Taylor,Mrs.,Susan,I,susan.taylor@example.com,Facebook,202-345-6789,Yes
66585c29a8e6469122aa670c,10,Anderson,Mr.,Thomas,J,thomas.anderson@example.com,Email,303-456-7890,No
66585c3ca2f8255919fa2c46,1,Doe,Mr.,John,A,john.doe@example.com,LinkedIn,123-456-7890,Yes
66585c3ca2f8255919fa2c47,2,Smith,Ms.,Jane,B,jane.smith@example.com,Indeed,987-654-3210,No
66585c3ca2f8255919fa2c48,3,Brown,Mr.,James,C,james.brown@example.com,Email,555-123-4567,Yes
66585c3ca2f8255919fa2c49,4,Johnson,Mrs.,Emily,D,emily.johnson@example.com,Phone,666-789-0123,No
66585c3ca2f8255919fa2c4a,5,Davis,Dr.,Robert,E,robert.davis@example.com,Resume Handed in Person,777-345-6789,Yes
66585c3ca2f8255919fa2c4b,6,Miller,Mr.,William,F,william.miller@example.com,Stepstone,888-456-7890,No
66585c3ca2f8255919fa2c4c,7,Wilson,Ms.,Linda,G,linda.wilson@example.com,Indeed,999-123-4567,Yes
66585c3ca2f8255919fa2c4d,8,Moore,Mr.,David,H,david.moore@example.com,LinkedIn,101-234-5678,No
66585c3ca2f8255919fa2c4e,9,Taylor,Mrs.,Susan,I,susan.taylor@example.com,Facebook,202-345-6789,Yes
66585c3ca2f8255919fa2c4f,10,Anderson,Mr.,Thomas,J,thomas.anderson@example.com,Email,303-456-7890,No
66585c4ef9bf5b5a6454a6ba,1,Doe,Mr.,John,A,john.doe@example.com,LinkedIn,123-456-7890,Yes
66585c4ef9bf5b5a6454a6bb,2,Smith,Ms.,Jane,B,jane.smith@example.com,Indeed,987-654-3210,No
66585c4ef9bf5b5a6454a6bc,3,Brown,Mr.,James,C,james.brown@example.com,Email,555-123-4567,Yes
66585c4ef9bf5b5a6454a6bd,4,Johnson,Mrs.,Emily,D,emily.johnson@example.com,Phone,666-789-0123,No
66585c4ef9bf5b5a6454a6be,5,Davis,Dr.,Robert,E,robert.davis@example.com,Resume Handed in Person,777-345-6789,Yes
66585c4ef9bf5b5a6454a6bf,6,Miller,Mr.,William,F,william.miller@example.com,Stepstone,888-456-7890,No
66585c4ef9bf5b5a6454a6c0,7,Wilson,Ms.,Linda,G,linda.wilson@example.com,Indeed,999-123-4567,Yes
66585c4ef9bf5b5a6454a6c1,8,Moore,Mr.,David,H,david.moore@example.com,LinkedIn,101-234-5678,No
66585c4ef9bf5b5a6454a6c2,9,Taylor,Mrs.,Susan,I,susan.taylor@example.com,Facebook,202-345-6789,Yes
66585c4ef9bf5b5a6454a6c3,10,Anderson,Mr.,Thomas,J,thomas.anderson@example.com,Email,303-456-7890,No
