_id,candidate_id,AddFile[0],AddFile[1],AddLink[0]
66585c0551ca29d97c34808d,1,resume_john.pdf,cover_letter_john.pdf,https://example.com/portfolio_john
66585c0551ca29d97c34808e,2,resume_jane.pdf,cover_letter_jane.pdf,https://example.com/portfolio_jane
66585c0551ca29d97c34808f,3,resume_james.pdf,cover_letter_james.pdf,https://example.com/portfolio_james
66585c0551ca29d97c348090,4,resume_emily.pdf,cover_letter_emily.pdf,https://example.com/portfolio_emily
66585c0551ca29d97c348091,5,resume_robert.pdf,cover_letter_robert.pdf,https://example.com/portfolio_robert
66585c0551ca29d97c348092,6,resume_william.pdf,cover_letter_william.pdf,https://example.com/portfolio_william
66585c0551ca29d97c348093,7,resume_linda.pdf,cover_letter_linda.pdf,https://example.com/portfolio_linda
66585c0551ca29d97c348094,8,resume_david.pdf,cover_letter_david.pdf,https://example.com/portfolio_david
66585c0551ca29d97c348095,9,resume_susan.pdf,cover_letter_susan.pdf,https://example.com/portfolio_susan
66585c0551ca29d97c348096,10,resume_thomas.pdf,cover_letter_thomas.pdf,https://example.com/portfolio_thomas
66585c0668f8568e8ddeaab7,1,resume_john.pdf,cover_letter_john.pdf,https://example.com/portfolio_john
66585c0668f8568e8ddeaab8,2,resume_jane.pdf,cover_letter_jane.pdf,https://example.com/portfolio_jane
66585c0668f8568e8ddeaab9,3,resume_james.pdf,cover_letter_james.pdf,https://example.com/portfolio_james
66585c0668f8568e8ddeaaba,4,resume_emily.pdf,cover_letter_emily.pdf,https://example.com/portfolio_emily
66585c0668f8568e8ddeaabb,5,resume_robert.pdf,cover_letter_robert.pdf,https://example.com/portfolio_robert
66585c0668f8568e8ddeaabc,6,resume_william.pdf,cover_letter_william.pdf,https://example.com/portfolio_william
66585c0668f8568e8ddeaabd,7,resume_linda.pdf,cover_letter_linda.pdf,https://example.com/portfolio_linda
66585c0668f8568e8ddeaabe,8,resume_david.pdf,cover_letter_david.pdf,https://example.com/portfolio_david
66585c0668f8568e8ddeaabf,9,resume_susan.pdf,cover_letter_susan.pdf,https://example.com/portfolio_susan
66585c0668f8568e8ddeaac0,10,resume_thomas.pdf,cover_letter_thomas.pdf,https://example.com/portfolio_thomas
66585c078464cae3e6a67c28,1,resume_john.pdf,cover_letter_john.pdf,https://example.com/portfolio_john
66585c078464cae3e6a67c29,2,resume_jane.pdf,cover_letter_jane.pdf,https://example.com/portfolio_jane
66585c078464cae3e6a67c2a,3,resume_james.pdf,cover_letter_james.pdf,https://example.com/portfolio_james
66585c078464cae3e6a67c2b,4,resume_emily.pdf,cover_letter_emily.pdf,https://example.com/portfolio_emily
66585c078464cae3e6a67c2c,5,resume_robert.pdf,cover_letter_robert.pdf,https://example.com/portfolio_robert
66585c078464cae3e6a67c2d,6,resume_william.pdf,cover_letter_william.pdf,https://example.com/portfolio_william
66585c078464cae3e6a67c2e,7,resume_linda.pdf,cover_letter_linda.pdf,https://example.com/portfolio_linda
66585c078464cae3e6a67c2f,8,resume_david.pdf,cover_letter_david.pdf,https://example.com/portfolio_david
66585c078464cae3e6a67c30,9,resume_susan.pdf,cover_letter_susan.pdf,https://example.com/portfolio_susan
66585c078464cae3e6a67c31,10,resume_thomas.pdf,cover_letter_thomas.pdf,https://example.com/portfolio_thomas
66585c10844062519ea09128,1,resume_john.pdf,cover_letter_john.pdf,https://example.com/portfolio_john
66585c10844062519ea09129,2,resume_jane.pdf,cover_letter_jane.pdf,https://example.com/portfolio_jane
66585c10844062519ea0912a,3,resume_james.pdf,cover_letter_james.pdf,https://example.com/portfolio_james
66585c10844062519ea0912b,4,resume_emily.pdf,cover_letter_emily.pdf,https://example.com/portfolio_emily
66585c10844062519ea0912c,5,resume_robert.pdf,cover_letter_robert.pdf,https://example.com/portfolio_robert
66585c10844062519ea0912d,6,resume_william.pdf,cover_letter_william.pdf,https://example.com/portfolio_william
66585c10844062519ea0912e,7,resume_linda.pdf,cover_letter_linda.pdf,https://example.com/portfolio_linda
66585c10844062519ea0912f,8,resume_david.pdf,cover_letter_david.pdf,https://example.com/portfolio_david
66585c10844062519ea09130,9,resume_susan.pdf,cover_letter_susan.pdf,https://example.com/portfolio_susan
66585c10844062519ea09131,10,resume_thomas.pdf,cover_letter_thomas.pdf,https://example.com/portfolio_thomas
66585c29a8e6469122aa670d,1,resume_john.pdf,cover_letter_john.pdf,https://example.com/portfolio_john
66585c29a8e6469122aa670e,2,resume_jane.pdf,cover_letter_jane.pdf,https://example.com/portfolio_jane
66585c29a8e6469122aa670f,3,resume_james.pdf,cover_letter_james.pdf,https://example.com/portfolio_james
66585c29a8e6469122aa6710,4,resume_emily.pdf,cover_letter_emily.pdf,https://example.com/portfolio_emily
66585c29a8e6469122aa6711,5,resume_robert.pdf,cover_letter_robert.pdf,https://example.com/portfolio_robert
66585c29a8e6469122aa6712,6,resume_william.pdf,cover_letter_william.pdf,https://example.com/portfolio_william
66585c29a8e6469122aa6713,7,resume_linda.pdf,cover_letter_linda.pdf,https://example.com/portfolio_linda
66585c29a8e6469122aa6714,8,resume_david.pdf,cover_letter_david.pdf,https://example.com/portfolio_david
66585c29a8e6469122aa6715,9,resume_susan.pdf,cover_letter_susan.pdf,https://example.com/portfolio_susan
66585c29a8e6469122aa6716,10,resume_thomas.pdf,cover_letter_thomas.pdf,https://example.com/portfolio_thomas
66585c3ca2f8255919fa2c50,1,resume_john.pdf,cover_letter_john.pdf,https://example.com/portfolio_john
66585c3ca2f8255919fa2c51,2,resume_jane.pdf,cover_letter_jane.pdf,https://example.com/portfolio_jane
66585c3ca2f8255919fa2c52,3,resume_james.pdf,cover_letter_james.pdf,https://example.com/portfolio_james
66585c3ca2f8255919fa2c53,4,resume_emily.pdf,cover_letter_emily.pdf,https://example.com/portfolio_emily
66585c3ca2f8255919fa2c54,5,resume_robert.pdf,cover_letter_robert.pdf,https://example.com/portfolio_robert
66585c3ca2f8255919fa2c55,6,resume_william.pdf,cover_letter_william.pdf,https://example.com/portfolio_william
66585c3ca2f8255919fa2c56,7,resume_linda.pdf,cover_letter_linda.pdf,https://example.com/portfolio_linda
66585c3ca2f8255919fa2c57,8,resume_david.pdf,cover_letter_david.pdf,https://example.com/portfolio_david
66585c3ca2f8255919fa2c58,9,resume_susan.pdf,cover_letter_susan.pdf,https://example.com/portfolio_susan
66585c3ca2f8255919fa2c59,10,resume_thomas.pdf,cover_letter_thomas.pdf,https://example.com/portfolio_thomas
66585c4ef9bf5b5a6454a6c4,1,resume_john.pdf,cover_letter_john.pdf,https://example.com/portfolio_john
66585c4ef9bf5b5a6454a6c5,2,resume_jane.pdf,cover_letter_jane.pdf,https://example.com/portfolio_jane
66585c4ef9bf5b5a6454a6c6,3,resume_james.pdf,cover_letter_james.pdf,https://example.com/portfolio_james
66585c4ef9bf5b5a6454a6c7,4,resume_emily.pdf,cover_letter_emily.pdf,https://example.com/portfolio_emily
66585c4ef9bf5b5a6454a6c8,5,resume_robert.pdf,cover_letter_robert.pdf,https://example.com/portfolio_robert
66585c4ef9bf5b5a6454a6c9,6,resume_william.pdf,cover_letter_william.pdf,https://example.com/portfolio_william
66585c4ef9bf5b5a6454a6ca,7,resume_linda.pdf,cover_letter_linda.pdf,https://example.com/portfolio_linda
66585c4ef9bf5b5a6454a6cb,8,resume_david.pdf,cover_letter_david.pdf,https://example.com/portfolio_david
66585c4ef9bf5b5a6454a6cc,9,resume_susan.pdf,cover_letter_susan.pdf,https://example.com/portfolio_susan
66585c4ef9bf5b5a6454a6cd,10,resume_thomas.pdf,cover_letter_thomas.pdf,https://example.com/portfolio_thomas
